Workbook

Sheet Dataset
A1: No. | B1: feed_material | C1: perc_cellulose (%) | D1: perc_hemicellulose (%) | E1: perc_lignins (%) | F1: Size(mm) | G1: HBA | H1: HBD | I1: HBA:HBD | J1: S：L | K1: temp (°C) | L1: time (h) | M1: Lingin remove yield (%) | N1: Ref. | O1: Full Reference
A2: 1 | B2: wheat straw | C2: 34.8 | D2: 21.8 | E2: 19 | F2: 0.2 | G2: ChCl | H2: MEA | I2: 1:6 | J2: 1:20 | K2: 90 | L2: 12 | M2: 81 | N2: [1] | O2: =VLOOKUP(N2,Reference!A:B,2,) -> Zhao, Z.; Chen, X.; Ali, M. F.; Abdeltawab, A. A.; Yakout, S. M.; Yu, G. Pretreatment of wheat straw using basic ethanolamine-based deep eutectic solvents for improving enzymatic hydrolysis. Bioresource Technology 2018, 263, 325-333. DOI: https://doi.org/10.1016/j.biortech.2018.05.016.
A3: 2 | B3: wheat straw | C3: 34.8 | D3: 21.8 | E3: 19 | F3: 0.2 | G3: ChCl | H3: DEA | I3: 1:8 | J3: 1:20 | K3: 90 | L3: 12 | M3: 73.5 | N3: [1] | O3: =VLOOKUP(N3,Reference!A:B,2,) -> Zhao, Z.; Chen, X.; Ali, M. F.; Abdeltawab, A. A.; Yakout, S. M.; Yu, G. Pretreatment of wheat straw using basic ethanolamine-based deep eutectic solvents for improving enzymatic hydrolysis. Bioresource Technology 2018, 263, 325-333. DOI: https://doi.org/10.1016/j.biortech.2018.05.016.
A4: 3 | B4: wheat straw | C4: 34.8 | D4: 21.8 | E4: 19 | F4: 0.2 | G4: ChCl | H4: MDEA | I4: 1:10 | J4: 1:20 | K4: 90 | L4: 12 | M4: 44.6 | N4: [1] | O4: =VLOOKUP(N4,Reference!A:B,2,) -> Zhao, Z.; Chen, X.; Ali, M. F.; Abdeltawab, A. A.; Yakout, S. M.; Yu, G. Pretreatment of wheat straw using basic ethanolamine-based deep eutectic solvents for improving enzymatic hydrolysis. Bioresource Technology 2018, 263, 325-333. DOI: https://doi.org/10.1016/j.biortech.2018.05.016.
A5: 4 | B5: wheat straw | C5: 34.8 | D5: 21.8 | E5: 19 | F5: 0.2 | G5: ChCl | H5: AcAm | I5: 1:2 | J5: 1:20 | K5: 90 | L5: 12 | M5: 3.4 | N5: [1] | O5: =VLOOKUP(N5,Reference!A:B,2,) -> Zhao, Z.; Chen, X.; Ali, M. F.; Abdeltawab, A. A.; Yakout, S. M.; Yu, G. Pretreatment of wheat straw using basic ethanolamine-based deep eutectic solvents for improving enzymatic hydrolysis. Bioresource Technology 2018, 263, 325-333. DOI: https://doi.org/10.1016/j.biortech.2018.05.016.
A6: 5 | B6: wheat straw | C6: 34.8 | D6: 21.8 | E6: 19 | F6: 0.2 | G6: ChCl | H6: U | I6: 1:2 | J6: 1:20 | K6: 90 | L6: 12 | M6: 27.7 | N6: [1] | O6: =VLOOKUP(N6,Reference!A:B,2,) -> Zhao, Z.; Chen, X.; Ali, M. F.; Abdeltawab, A. A.; Yakout, S. M.; Yu, G. Pretreatment of wheat straw using basic ethanolamine-based deep eutectic solvents for improving enzymatic hydrolysis. Bioresource Technology 2018, 263, 325-333. DOI: https://doi.org/10.1016/j.biortech.2018.05.016.
A7: 6 | B7: wheat straw | C7: 34.8 | D7: 21.8 | E7: 19 | F7: 0.2 | G7: ChCl | H7: Gly | I7: 1:2 | J7: 1:20 | K7: 90 | L7: 12 | M7: 24.7 | N7: [1] | O7: =VLOOKUP(N7,Reference!A:B,2,) -> Zhao, Z.; Chen, X.; Ali, M. F.; Abdeltawab, A. A.; Yakout, S. M.; Yu, G. Pretreatment of wheat straw using basic ethanolamine-based deep eutectic solvents for improving enzymatic hydrolysis. Bioresource Technology 2018, 263, 325-333. DOI: https://doi.org/10.1016/j.biortech.2018.05.016.
A8: 7 | B8: wheat straw | C8: 34.8 | D8: 21.8 | E8: 19 | F8: 0.2 | G8: ChCl | H8: MEA | I8: 1:6 | J8: 1:20 | K8: 50 | L8: 12 | M8: 60.8 | N8: [1] | O8: =VLOOKUP(N8,Reference!A:B,2,) -> Zhao, Z.; Chen, X.; Ali, M. F.; Abdeltawab, A. A.; Yakout, S. M.; Yu, G. Pretreatment of wheat straw using basic ethanolamine-based deep eutectic solvents for improving enzymatic hydrolysis. Bioresource Technology 2018, 263, 325-333. DOI: https://doi.org/10.1016/j.biortech.2018.05.016.
A9: 8 | B9: wheat straw | C9: 34.8 | D9: 21.8 | E9: 19 | F9: 0.2 | G9: ChCl | H9: MEA | I9: 1:6 | J9: 1:20 | K9: 70 | L9: 12 | M9: 76.4 | N9: [1] | O9: =VLOOKUP(N9,Reference!A:B,2,) -> Zhao, Z.; Chen, X.; Ali, M. F.; Abdeltawab, A. A.; Yakout, S. M.; Yu, G. Pretreatment of wheat straw using basic ethanolamine-based deep eutectic solvents for improving enzymatic hydrolysis. Bioresource Technology 2018, 263, 325-333. DOI: https://doi.org/10.1016/j.biortech.2018.05.016.
A10: 9 | B10: wheat straw | C10: 34.8 | D10: 21.8 | E10: 19 | F10: 0.2 | G10: ChCl | H10: MEA | I10: 1:6 | J10: 1:20 | K10: 90 | L10: 12 | M10: 81 | N10: [1] | O10: =VLOOKUP(N10,Reference!A:B,2,) -> Zhao, Z.; Chen, X.; Ali, M. F.; Abdeltawab, A. A.; Yakout, S. M.; Yu, G. Pretreatment of wheat straw using basic ethanolamine-based deep eutectic solvents for improving enzymatic hydrolysis. Bioresource Technology 2018, 263, 325-333. DOI: https://doi.org/10.1016/j.biortech.2018.05.016.
A11: 10 | B11: wheat straw | C11: 34.8 | D11: 21.8 | E11: 19 | F11: 0.2 | G11: ChCl | H11: MEA | I11: 1:6 | J11: 1:20 | K11: 110 | L11: 12 | M11: 87.7 | N11: [1] | O11: =VLOOKUP(N11,Reference!A:B,2,) -> Zhao, Z.; Chen, X.; Ali, M. F.; Abdeltawab, A. A.; Yakout, S. M.; Yu, G. Pretreatment of wheat straw using basic ethanolamine-based deep eutectic solvents for improving enzymatic hydrolysis. Bioresource Technology 2018, 263, 325-333. DOI: https://doi.org/10.1016/j.biortech.2018.05.016.
A12: 11 | B12: wheat straw | C12: 34.8 | D12: 21.8 | E12: 19 | F12: 0.2 | G12: ChCl | H12: MEA | I12: 1:6 | J12: 1:20 | K12: 130 | L12: 12 | M12: 97.6 | N12: [1] | O12: =VLOOKUP(N12,Reference!A:B,2,) -> Zhao, Z.; Chen, X.; Ali, M. F.; Abdeltawab, A. A.; Yakout, S. M.; Yu, G. Pretreatment of wheat straw using basic ethanolamine-based deep eutectic solvents for improving enzymatic hydrolysis. Bioresource Technology 2018, 263, 325-333. DOI: https://doi.org/10.1016/j.biortech.2018.05.016.
A13: 12 | B13: wheat straw | C13: 34.8 | D13: 21.8 | E13: 19 | F13: 0.2 | G13: ChCl | H13: MEA | I13: 1:6 | J13: 1:20 | K13: 70 | L13: 1 | M13: 58.8 | N13: [1] | O13: =VLOOKUP(N13,Reference!A:B,2,) -> Zhao, Z.; Chen, X.; Ali, M. F.; Abdeltawab, A. A.; Yakout, S. M.; Yu, G. Pretreatment of wheat straw using basic ethanolamine-based deep eutectic solvents for improving enzymatic hydrolysis. Bioresource Technology 2018, 263, 325-333. DOI: https://doi.org/10.1016/j.biortech.2018.05.016.
... A23: 22 | B23: wheat straw | C23: 40.8 | D23: 29.2 | E23: 22.4 | F23: 0.38 | G23: ChCl | H23: LA | I23: 1:1 | J23: 1:10 | K23: 120 | L23: 9 | M23: 81.8 | N23: [3] | O23: =VLOOKUP(N23,Reference!A:B,2,) -> Lin, K.-T.; Wang, C.; Guo, M. F.; Aprà, E.; Ma, R.; Ragauskas, A. J.; Zhang, X. Lignin with controlled structural properties by N-heterocycle-based deep eutectic solvent extraction. Proceedings of the National Academy of Sciences 2023, 120 (32), e2307323120. DOI: 10.1073/pnas.2307323120(2023 ).
A24: 23 | B24: wheat straw | C24: 35.8 | D24: 20.4 | E24: 20.5 | F24: 0.83 | G24: ChCl | H24: p–TsOH | I24: 1.233 | J24: 1:19 | K24: 60 | L24: 0.1667 | M24: 42.9 | N24: [4] | O24: =VLOOKUP(N24,Reference!A:B,2,) -> Wang, W.; Gu, F.; Zhu, J. Y.; Sun, K.; Cai, Z.; Yao, S.; Wu, W.; Jin, Y. Fractionation of herbaceous biomass using a recyclable hydrotropic p–toluenesulfonic acid (p–TsOH)/choline chloride (ChCl) solvent system at low temperatures. Industrial Crops and Products 2020, 150, 112423. DOI: https://doi.org/10.1016/j.indcrop.2020.112423.
A25: 24 | B25: wheat straw | C25: 35.8 | D25: 20.4 | E25: 20.5 | F25: 0.83 | G25: ChCl | H25: p–TsOH | I25: 1.233 | J25: 1:19 | K25: 80 | L25: 0.3333 | M25: 58.6 | N25: [4] | O25: =VLOOKUP(N25,Reference!A:B,2,) -> Wang, W.; Gu, F.; Zhu, J. Y.; Sun, K.; Cai, Z.; Yao, S.; Wu, W.; Jin, Y. Fractionation of herbaceous biomass using a recyclable hydrotropic p–toluenesulfonic acid (p–TsOH)/choline chloride (ChCl) solvent system at low temperatures. Industrial Crops and Products 2020, 150, 112423. DOI: https://doi.org/10.1016/j.indcrop.2020.112423.
A26: 25 | B26: wheat straw | C26: 35.8 | D26: 20.4 | E26: 20.5 | F26: 0.83 | G26: ChCl | H26: p–TsOH | I26: 0.411 | J26: 1:19 | K26: 70 | L26: 0.1667 | M26: 68.6 | N26: [4] | O26: =VLOOKUP(N26,Reference!A:B,2,) -> Wang, W.; Gu, F.; Zhu, J. Y.; Sun, K.; Cai, Z.; Yao, S.; Wu, W.; Jin, Y. Fractionation of herbaceous biomass using a recyclable hydrotropic p–toluenesulfonic acid (p–TsOH)/choline chloride (ChCl) solvent system at low temperatures. Industrial Crops and Products 2020, 150, 112423. DOI: https://doi.org/10.1016/j.indcrop.2020.112423.
A27: 26 | B27: wheat straw | C27: 35.8 | D27: 20.4 | E27: 20.5 | F27: 0.83 | G27: ChCl | H27: p–TsOH | I27: 0.411 | J27: 1:19 | K27: 80 | L27: 0.3333 | M27: 88.9 | N27: [4] | O27: =VLOOKUP(N27,Reference!A:B,2,) -> Wang, W.; Gu, F.; Zhu, J. Y.; Sun, K.; Cai, Z.; Yao, S.; Wu, W.; Jin, Y. Fractionation of herbaceous biomass using a recyclable hydrotropic p–toluenesulfonic acid (p–TsOH)/choline chloride (ChCl) solvent system at low temperatures. Industrial Crops and Products 2020, 150, 112423. DOI: https://doi.org/10.1016/j.indcrop.2020.112423.
A28: 27 | B28: wheat straw | C28: 35.8 | D28: 20.4 | E28: 20.5 | F28: 0.83 | G28: ChCl | H28: p–TsOH | I28: 1.233 | J28: 1:19 | K28: 80 | L28: 2 | M28: 87.1 | N28: [4] | O28: =VLOOKUP(N28,Reference!A:B,2,) -> Wang, W.; Gu, F.; Zhu, J. Y.; Sun, K.; Cai, Z.; Yao, S.; Wu, W.; Jin, Y. Fractionation of herbaceous biomass using a recyclable hydrotropic p–toluenesulfonic acid (p–TsOH)/choline chloride (ChCl) solvent system at low temperatures. Industrial Crops and Products 2020, 150, 112423. DOI: https://doi.org/10.1016/j.indcrop.2020.112423.
A29: 28 | B29: wheat straw | C29: 35.8 | D29: 20.4 | E29: 20.5 | F29: 0.83 | G29: ChCl | H29: p–TsOH | I29: 0.411 | J29: 1:19 | K29: 80 | L29: 1 | M29: 87.1 | N29: [4] | O29: =VLOOKUP(N29,Reference!A:B,2,) -> Wang, W.; Gu, F.; Zhu, J. Y.; Sun, K.; Cai, Z.; Yao, S.; Wu, W.; Jin, Y. Fractionation of herbaceous biomass using a recyclable hydrotropic p–toluenesulfonic acid (p–TsOH)/choline chloride (ChCl) solvent system at low temperatures. Industrial Crops and Products 2020, 150, 112423. DOI: https://doi.org/10.1016/j.indcrop.2020.112423.
A30: 29 | B30: wheat straw | C30: 40.35 | D30: 30.52 | E30: 24.16 | F30: 0.38 | G30: ChCl | H30: EG | I30: 1:2 | J30: 1:20 | K30: 100 | L30: 12 | M30: 35.67 | N30: [5] | O30: =VLOOKUP(N30,Reference!A:B,2,) -> Tan, J.; Yu, D.; Yuan, J.; Wu, H.; Luo, H.; Zhang, H.; Li, X.; Li, H.; Yang, S. Efficient delignification of wheat straw for microbial lipid production enabled by a novel ternary deep eutectic solvent containing ethylene glycol. Fuel 2023, 347, 128485. DOI: https://doi.org/10.1016/j.fuel.2023.128485.
A31: 30 | B31: wheat straw | C31: 40.35 | D31: 30.52 | E31: 24.16 | F31: 0.38 | G31: ChCl | H31: CA | I31: 1:1 | J31: 1:20 | K31: 100 | L31: 12 | M31: 41.52 | N31: [5] | O31: =VLOOKUP(N31,Reference!A:B,2,) -> Tan, J.; Yu, D.; Yuan, J.; Wu, H.; Luo, H.; Zhang, H.; Li, X.; Li, H.; Yang, S. Efficient delignification of wheat straw for microbial lipid production enabled by a novel ternary deep eutectic solvent containing ethylene glycol. Fuel 2023, 347, 128485. DOI: https://doi.org/10.1016/j.fuel.2023.128485.
A32: 31 | B32: wheat straw | C32: 40.8 | D32: =74.7-C32 -> 33.9 | E32: 17.3 | F32: 0.023 | G32: ChCl | H32: U | I32: 1:2 | J32: 1:20 | K32: 80 | L32: 24 | M32: 6.277 | N32: [6] | O32: =VLOOKUP(N32,Reference!A:B,2,) -> Jablonsky; Skulcova; Kamenska; Vrska; Sima. Deep Eutectic Solvents: Fractionation of Wheat Straw. BIORESOURCES 2015, 2015,10(4) (-), 8039-8047.
A33: 32 | B33: wheat straw | C33: 40.8 | D33: 33.9 | E33: 17.3 | F33: 0.023 | G33: ChCl | H33: MNA | I33: 1:1 | J33: 1:20 | K33: 60 | L33: 24 | M33: 12.83 | N33: [6] | O33: =VLOOKUP(N33,Reference!A:B,2,) -> Jablonsky; Skulcova; Kamenska; Vrska; Sima. Deep Eutectic Solvents: Fractionation of Wheat Straw. BIORESOURCES 2015, 2015,10(4) (-), 8039-8047.
A34: 33 | B34: wheat straw | C34: 40.8 | D34: 33.9 | E34: 17.3 | F34: 0.023 | G34: ChCl | H34: LA | I34: 1:9 | J34: 1:20 | K34: 60 | L34: 24 | M34: 14.62 | N34: [6] | O34: =VLOOKUP(N34,Reference!A:B,2,) -> Jablonsky; Skulcova; Kamenska; Vrska; Sima. Deep Eutectic Solvents: Fractionation of Wheat Straw. BIORESOURCES 2015, 2015,10(4) (-), 8039-8047.
A35: 34 | B35: wheat straw | C35: 40.8 | D35: 33.9 | E35: 17.3 | F35: 0.023 | G35: ChCl | H35: MIA | I35: 1:1 | J35: 1:20 | K35: 80 | L35: 24 | M35: 21.62 | N35: [6] | O35: =VLOOKUP(N35,Reference!A:B,2,) -> Jablonsky; Skulcova; Kamenska; Vrska; Sima. Deep Eutectic Solvents: Fractionation of Wheat Straw. BIORESOURCES 2015, 2015,10(4) (-), 8039-8047.
A36: 35 | B36: wheat straw | C36: 40.8 | D36: 33.9 | E36: 17.3 | F36: 0.023 | G36: ChCl | H36: LA | I36: 1:10 | J36: 1:20 | K36: 60 | L36: 24 | M36: 29.13 | N36: [6] | O36: =VLOOKUP(N36,Reference!A:B,2,) -> Jablonsky; Skulcova; Kamenska; Vrska; Sima. Deep Eutectic Solvents: Fractionation of Wheat Straw. BIORESOURCES 2015, 2015,10(4) (-), 8039-8047.
A37: 36 | B37: wheat straw | C37: 40.8 | D37: 33.9 | E37: 17.3 | F37: 0.023 | G37: ChCl | H37: OAD | I37: 1:1 | J37: 1:20 | K37: 60 | L37: 24 | M37: 57.86 | N37: [6] | O37: =VLOOKUP(N37,Reference!A:B,2,) -> Jablonsky; Skulcova; Kamenska; Vrska; Sima. Deep Eutectic Solvents: Fractionation of Wheat Straw. BIORESOURCES 2015, 2015,10(4) (-), 8039-8047.
A38: 37 | B38: wheat straw | C38: 36.77 | D38: 24.98 | E38: 23.59 | F38: 0.25 | G38: ChCl | H38: LA | I38: 1:2 | J38: 1:20 | K38: 90 | L38: 6 | M38: 27.53 | N38: [7] | O38: =VLOOKUP(N38,Reference!A:B,2,) -> Ma, H.; Fu, P.; Zhao, J.; Lin, X.; Wu, W.; Yu, Z.; Xia, C.; Wang, Q.; Gao, M.; Zhou, J. Pretreatment of Wheat Straw Lignocelluloses by Deep Eutectic Solvent for Lignin Extraction. Molecules 2022, 27 (22), 7955.
A39: 38 | B39: wheat straw | C39: 36.77 | D39: 24.98 | E39: 23.59 | F39: 0.25 | G39: ChCl | H39: LA | I39: 1:2 | J39: 1:20 | K39: 90 | L39: 12 | M39: 50.42 | N39: [7] | O39: =VLOOKUP(N39,Reference!A:B,2,) -> Ma, H.; Fu, P.; Zhao, J.; Lin, X.; Wu, W.; Yu, Z.; Xia, C.; Wang, Q.; Gao, M.; Zhou, J. Pretreatment of Wheat Straw Lignocelluloses by Deep Eutectic Solvent for Lignin Extraction. Molecules 2022, 27 (22), 7955.
A40: 39 | B40: wheat straw | C40: 36.77 | D40: 24.98 | E40: 23.59 | F40: 0.25 | G40: ChCl | H40: LA | I40: 1:2 | J40: 1:20 | K40: 120 | L40: 6 | M40: 75.18 | N40: [7] | O40: =VLOOKUP(N40,Reference!A:B,2,) -> Ma, H.; Fu, P.; Zhao, J.; Lin, X.; Wu, W.; Yu, Z.; Xia, C.; Wang, Q.; Gao, M.; Zhou, J. Pretreatment of Wheat Straw Lignocelluloses by Deep Eutectic Solvent for Lignin Extraction. Molecules 2022, 27 (22), 7955.
A41: 40 | B41: wheat straw | C41: 36.77 | D41: 24.98 | E41: 23.59 | F41: 0.25 | G41: ChCl | H41: LA | I41: 1:2 | J41: 1:20 | K41: 120 | L41: 12 | M41: 88.16 | N41: [7] | O41: =VLOOKUP(N41,Reference!A:B,2,) -> Ma, H.; Fu, P.; Zhao, J.; Lin, X.; Wu, W.; Yu, Z.; Xia, C.; Wang, Q.; Gao, M.; Zhou, J. Pretreatment of Wheat Straw Lignocelluloses by Deep Eutectic Solvent for Lignin Extraction. Molecules 2022, 27 (22), 7955.
A42: 41 | B42: wheat straw | C42: 36.77 | D42: 24.98 | E42: 23.59 | F42: 0.25 | G42: ChCl | H42: LA | I42: 1:2 | J42: 1:20 | K42: 150 | L42: 6 | M42: 91.17 | N42: [7] | O42: =VLOOKUP(N42,Reference!A:B,2,) -> Ma, H.; Fu, P.; Zhao, J.; Lin, X.; Wu, W.; Yu, Z.; Xia, C.; Wang, Q.; Gao, M.; Zhou, J. Pretreatment of Wheat Straw Lignocelluloses by Deep Eutectic Solvent for Lignin Extraction. Molecules 2022, 27 (22), 7955.
A43: 42 | B43: wheat straw | C43: 36.77 | D43: 24.98 | E43: 23.59 | F43: 0.25 | G43: ChCl | H43: LA | I43: 1:2 | J43: 1:20 | K43: 150 | L43: 12 | M43: 86.61 | N43: [7] | O43: =VLOOKUP(N43,Reference!A:B,2,) -> Ma, H.; Fu, P.; Zhao, J.; Lin, X.; Wu, W.; Yu, Z.; Xia, C.; Wang, Q.; Gao, M.; Zhou, J. Pretreatment of Wheat Straw Lignocelluloses by Deep Eutectic Solvent for Lignin Extraction. Molecules 2022, 27 (22), 7955.
A44: 43 | B44: wheat straw | C44: 36.77 | D44: 24.98 | E44: 23.59 | F44: 0.25 | G44: ChCl | H44: LA | I44: 1:2 | J44: 1:20 | K44: 180 | L44: 6 | M44: 73.4 | N44: [7] | O44: =VLOOKUP(N44,Reference!A:B,2,) -> Ma, H.; Fu, P.; Zhao, J.; Lin, X.; Wu, W.; Yu, Z.; Xia, C.; Wang, Q.; Gao, M.; Zhou, J. Pretreatment of Wheat Straw Lignocelluloses by Deep Eutectic Solvent for Lignin Extraction. Molecules 2022, 27 (22), 7955.
... A103: 102 | B103: wheat straw | C103: 30.3 | D103: 16.7 | E103: 21.5 | F103: 1.2 | G103: ChCl | H103: Gly | I103: 1:2 | J103: 1:19 | K103: 150 | L103: 9 | M103: 30.5 | N103: [14] | O103: =VLOOKUP(N103,Reference!A:B,2,) -> Hossain, M. A.; Rahaman, M. S.; Yelle, D.; Shang, H.; Sun, Z.; Renneckar, S.; Dong, J.; Tulaphol, S.; Sathitsuksanoh, N. Effects of polyol-based deep eutectic solvents on the efficiency of rice straw enzymatic hydrolysis. Industrial Crops and Products 2021, 167, 113480. DOI: https://doi.org/10.1016/j.indcrop.2021.113480.
A104: 103 | B104: wheat straw | C104: 35.49 | D104: =16.03+2.51 -> 18.54 | E104: 14.84 | F104: 0.38 | G104: ChCl | H104: U | I104: 1:2 | J104: 1:20 | K104: 110 | L104: 4 | M104: 41.24 | N104: [15] | O104: =VLOOKUP(N104,Reference!A:B,2,) -> Pan, M.; Zhao, G.; Ding, C.; Wu, B.; Lian, Z.; Lian, H. Physicochemical transformation of rice straw after pretreatment with a deep eutectic solvent of choline chloride/urea. Carbohydrate Polymers 2017, 176, 307-314. DOI: https://doi.org/10.1016/j.carbpol.2017.08.088.
A105: 104 | B105: wheat straw | C105: 35.49 | D105: =16.03+2.51 -> 18.54 | E105: 14.84 | F105: 0.38 | G105: ChCl | H105: U | I105: 1:2 | J105: 1:20 | K105: 110 | L105: 6 | M105: 32.08 | N105: [15] | O105: =VLOOKUP(N105,Reference!A:B,2,) -> Pan, M.; Zhao, G.; Ding, C.; Wu, B.; Lian, Z.; Lian, H. Physicochemical transformation of rice straw after pretreatment with a deep eutectic solvent of choline chloride/urea. Carbohydrate Polymers 2017, 176, 307-314. DOI: https://doi.org/10.1016/j.carbpol.2017.08.088.
A106: 105 | B106: wheat straw | C106: 35.49 | D106: =16.03+2.51 -> 18.54 | E106: 14.84 | F106: 0.38 | G106: ChCl | H106: U | I106: 1:2 | J106: 1:20 | K106: 110 | L106: 8 | M106: 33.29 | N106: [15] | O106: =VLOOKUP(N106,Reference!A:B,2,) -> Pan, M.; Zhao, G.; Ding, C.; Wu, B.; Lian, Z.; Lian, H. Physicochemical transformation of rice straw after pretreatment with a deep eutectic solvent of choline chloride/urea. Carbohydrate Polymers 2017, 176, 307-314. DOI: https://doi.org/10.1016/j.carbpol.2017.08.088.
A107: 106 | B107: wheat straw | C107: 35.49 | D107: =16.03+2.51 -> 18.54 | E107: 14.84 | F107: 0.38 | G107: ChCl | H107: U | I107: 1:2 | J107: 1:20 | K107: 130 | L107: 4 | M107: 35.71 | N107: [15] | O107: =VLOOKUP(N107,Reference!A:B,2,) -> Pan, M.; Zhao, G.; Ding, C.; Wu, B.; Lian, Z.; Lian, H. Physicochemical transformation of rice straw after pretreatment with a deep eutectic solvent of choline chloride/urea. Carbohydrate Polymers 2017, 176, 307-314. DOI: https://doi.org/10.1016/j.carbpol.2017.08.088.
A108: 107 | B108: wheat straw | C108: 35.49 | D108: =16.03+2.51 -> 18.54 | E108: 14.84 | F108: 0.38 | G108: ChCl | H108: U | I108: 1:2 | J108: 1:20 | K108: 130 | L108: 6 | M108: 43.19 | N108: [15] | O108: =VLOOKUP(N108,Reference!A:B,2,) -> Pan, M.; Zhao, G.; Ding, C.; Wu, B.; Lian, Z.; Lian, H. Physicochemical transformation of rice straw after pretreatment with a deep eutectic solvent of choline chloride/urea. Carbohydrate Polymers 2017, 176, 307-314. DOI: https://doi.org/10.1016/j.carbpol.2017.08.088.
A109: 108 | B109: wheat straw | C109: 35.49 | D109: =16.03+2.51 -> 18.54 | E109: 14.84 | F109: 0.38 | G109: ChCl | H109: U | I109: 1:2 | J109: 1:20 | K109: 130 | L109: 8 | M109: 44.74 | N109: [15] | O109: =VLOOKUP(N109,Reference!A:B,2,) -> Pan, M.; Zhao, G.; Ding, C.; Wu, B.; Lian, Z.; Lian, H. Physicochemical transformation of rice straw after pretreatment with a deep eutectic solvent of choline chloride/urea. Carbohydrate Polymers 2017, 176, 307-314. DOI: https://doi.org/10.1016/j.carbpol.2017.08.088.
A110: 109 | B110: switch grass | C110: 31.57 | D110: 19.11 | E110: 20.13 | F110: 0.38 | G110: ChCl | H110: Gly | I110: 1:2 | J110: 1:10 | K110: 110 | L110: 1 | M110: 17.72 | N110: [16] | O110: =VLOOKUP(N110,Reference!A:B,2,) -> Chen, Z.; Reznicek, W. D.; Wan, C. Deep eutectic solvent pretreatment enabling full utilization of switchgrass. Bioresource Technology 2018, 263, 40-48. DOI: https://doi.org/10.1016/j.biortech.2018.04.058.
A111: 110 | B111: switch grass | C111: 36.9 | D111: 25.3 | E111: 25.5 | F111: 0.38 | G111: ChCl | H111: CAT | I111: 1:1 | J111: 1:20 | K111: 160 | L111: 3 | M111: 49 | N111: [17] | O111: =VLOOKUP(N111,Reference!A:B,2,) -> Kim, K. H.; Dutta, T.; Sun, J.; Simmons, B.; Singh, S. Biomass pretreatment using deep eutectic solvents from lignin derived phenols. Green Chemistry 2018, 20 (4), 809-815, 10.1039/C7GC03029K. DOI: 10.1039/C7GC03029K.
A112: 111 | B112: switch grass | C112: 36.9 | D112: 25.3 | E112: 25.5 | F112: 0.38 | G112: ChCl | H112: VAN | I112: 1:2 | J112: 1:20 | K112: 160 | L112: 3 | M112: 52.5 | N112: [17] | O112: =VLOOKUP(N112,Reference!A:B,2,) -> Kim, K. H.; Dutta, T.; Sun, J.; Simmons, B.; Singh, S. Biomass pretreatment using deep eutectic solvents from lignin derived phenols. Green Chemistry 2018, 20 (4), 809-815, 10.1039/C7GC03029K. DOI: 10.1039/C7GC03029K.
A113: 112 | B113: switch grass | C113: 36.9 | D113: 25.3 | E113: 25.5 | F113: 0.38 | G113: ChCl | H113: PCA | I113: 1:1 | J113: 1:20 | K113: 160 | L113: 3 | M113: 60.8 | N113: [17] | O113: =VLOOKUP(N113,Reference!A:B,2,) -> Kim, K. H.; Dutta, T.; Sun, J.; Simmons, B.; Singh, S. Biomass pretreatment using deep eutectic solvents from lignin derived phenols. Green Chemistry 2018, 20 (4), 809-815, 10.1039/C7GC03029K. DOI: 10.1039/C7GC03029K.
A114: 113 | B114: switch grass | C114: 34.5 | D114: 23.3 | E114: 20.4 | F114: 2 | G114: ChCl | H114: EG | I114: 1:2 | J114: 1:10 | K114: 130 | L114: 0.5 | M114: 24 | N114: [18] | O114: =VLOOKUP(N114,Reference!A:B,2,) -> Chen, Z.; Bai, X.; A, L.; Wan, C. High-Solid Lignocellulose Processing Enabled by Natural Deep Eutectic Solvent for Lignin Extraction and Industrially Relevant Production of Renewable Chemicals. ACS Sustainable Chemistry & Engineering 2018, 6 (9), 12205-12216. DOI: 10.1021/acssuschemeng.8b02541.
A115: 114 | B115: Arabidopsis thaliana mutant | C115: 26.5 | D115: 11.2 | E115: 14.8 | F115: 0.25 | G115: ChCl | H115: 4-HBA | I115: 1:2 | J115: 1:20 | K115: 80 | L115: 3 | M115: 10.4 | N115: [19] | O115: =VLOOKUP(N115,Reference!A:B,2,) -> Kim, K. H.; Eudes, A.; Jeong, K.; Yoo, C. G.; Kim, C. S.; Ragauskas, A. Integration of renewable deep eutectic solvents with engineered biomass to achieve a closed-loop biorefinery. Proceedings of the National Academy of Sciences 2019, 116 (28), 13816-13824. DOI: doi:10.1073/pnas.1904636116.
A116: 115 | B116: Arabidopsis thaliana mutant | C116: 26.5 | D116: 11.2 | E116: 14.8 | F116: 0.25 | G116: ChCl | H116: VAN | I116: 1:2 | J116: 1:20 | K116: 80 | L116: 3 | M116: 5.1 | N116: [19] | O116: =VLOOKUP(N116,Reference!A:B,2,) -> Kim, K. H.; Eudes, A.; Jeong, K.; Yoo, C. G.; Kim, C. S.; Ragauskas, A. Integration of renewable deep eutectic solvents with engineered biomass to achieve a closed-loop biorefinery. Proceedings of the National Academy of Sciences 2019, 116 (28), 13816-13824. DOI: doi:10.1073/pnas.1904636116.
A117: 116 | B117: Arabidopsis thaliana mutant | C117: 29.6 | D117: 13.3 | E117: 12.7 | F117: 0.25 | G117: ChCl | H117: 4-HBA | I117: 1:2 | J117: 1:20 | K117: 80 | L117: 3 | M117: 32.4 | N117: [19] | O117: =VLOOKUP(N117,Reference!A:B,2,) -> Kim, K. H.; Eudes, A.; Jeong, K.; Yoo, C. G.; Kim, C. S.; Ragauskas, A. Integration of renewable deep eutectic solvents with engineered biomass to achieve a closed-loop biorefinery. Proceedings of the National Academy of Sciences 2019, 116 (28), 13816-13824. DOI: doi:10.1073/pnas.1904636116.
A118: 117 | B118: Arabidopsis thaliana mutant | C118: 29.6 | D118: 13.3 | E118: 12.7 | F118: 0.25 | G118: ChCl | H118: VAN | I118: 1:2 | J118: 1:20 | K118: 80 | L118: 3 | M118: 24.6 | N118: [19] | O118: =VLOOKUP(N118,Reference!A:B,2,) -> Kim, K. H.; Eudes, A.; Jeong, K.; Yoo, C. G.; Kim, C. S.; Ragauskas, A. Integration of renewable deep eutectic solvents with engineered biomass to achieve a closed-loop biorefinery. Proceedings of the National Academy of Sciences 2019, 116 (28), 13816-13824. DOI: doi:10.1073/pnas.1904636116.
A119: 118 | B119: Arabidopsis thaliana mutant | C119: 36.53 | D119: 21.47 | E119: 21.5 | F119: 0.83 | G119: ChCl | H119: Gly | I119: 1:2 | J119: 1:20 | K119: 80 | L119: 12 | M119: 45.44 | N119: [20] | O119: =VLOOKUP(N119,Reference!A:B,2,) -> Chourasia, V. R.; Pandey, A.; Pant, K. K.; Henry, R. J. Improving enzymatic digestibility of sugarcane bagasse from different varieties of sugarcane using deep eutectic solvent pretreatment. Bioresource Technology 2021, 337, 125480. DOI: https://doi.org/10.1016/j.biortech.2021.125480.
A120: 119 | B120: Arabidopsis thaliana mutant | C120: 36.53 | D120: 21.47 | E120: 21.5 | F120: 0.83 | G120: ChCl | H120: LA | I120: 1:5 | J120: 1:20 | K120: 80 | L120: 12 | M120: 62.25 | N120: [20] | O120: =VLOOKUP(N120,Reference!A:B,2,) -> Chourasia, V. R.; Pandey, A.; Pant, K. K.; Henry, R. J. Improving enzymatic digestibility of sugarcane bagasse from different varieties of sugarcane using deep eutectic solvent pretreatment. Bioresource Technology 2021, 337, 125480. DOI: https://doi.org/10.1016/j.biortech.2021.125480.
A121: 120 | B121: Arabidopsis thaliana mutant | C121: 36.53 | D121: 21.47 | E121: 21.5 | F121: 0.83 | G121: ChCl | H121: MNA | I121: 1:1 | J121: 1:20 | K121: 80 | L121: 12 | M121: 45.95 | N121: [20] | O121: =VLOOKUP(N121,Reference!A:B,2,) -> Chourasia, V. R.; Pandey, A.; Pant, K. K.; Henry, R. J. Improving enzymatic digestibility of sugarcane bagasse from different varieties of sugarcane using deep eutectic solvent pretreatment. Bioresource Technology 2021, 337, 125480. DOI: https://doi.org/10.1016/j.biortech.2021.125480.
A122: 121 | B122: Arabidopsis thaliana mutant | C122: 31.87 | D122: 19.57 | E122: 22.73 | F122: 0.83 | G122: ChCl | H122: Gly | I122: 1:2 | J122: 1:20 | K122: 80 | L122: 12 | M122: 52.42 | N122: [20] | O122: =VLOOKUP(N122,Reference!A:B,2,) -> Chourasia, V. R.; Pandey, A.; Pant, K. K.; Henry, R. J. Improving enzymatic digestibility of sugarcane bagasse from different varieties of sugarcane using deep eutectic solvent pretreatment. Bioresource Technology 2021, 337, 125480. DOI: https://doi.org/10.1016/j.biortech.2021.125480.
... A171: 170 | B171: corn cob | C171: 39.19 | D171: 36.89 | E171: 16.49 | F171: 0.83 | G171: ChCl | H171: LA | I171: 1:5 | J171: 1:20 | K171: 90 | L171: 24 | M171: 77.9 | N171: [27] | O171: =VLOOKUP(N171,Reference!A:B,2,) -> Zhang, C.-W.; Xia, S.-Q.; Ma, P.-S. Facile pretreatment of lignocellulosic biomass using deep eutectic solvents. Bioresource Technology 2016, 219, 1-5. DOI: https://doi.org/10.1016/j.biortech.2016.07.026.
A172: 171 | B172: corn cob | C172: 39.19 | D172: 36.89 | E172: 16.49 | F172: 0.83 | G172: ChCl | H172: LA | I172: 0.048611111 | J172: 1:20 | K172: 90 | L172: 24 | M172: 86.1 | N172: [27] | O172: =VLOOKUP(N172,Reference!A:B,2,) -> Zhang, C.-W.; Xia, S.-Q.; Ma, P.-S. Facile pretreatment of lignocellulosic biomass using deep eutectic solvents. Bioresource Technology 2016, 219, 1-5. DOI: https://doi.org/10.1016/j.biortech.2016.07.026.
A173: 172 | B173: corn cob | C173: 39.19 | D173: 36.89 | E173: 16.49 | F173: 0.83 | G173: ChCl | H173: LA | I173: 0.052083333 | J173: 1:20 | K173: 90 | L173: 24 | M173: 93.1 | N173: [27] | O173: =VLOOKUP(N173,Reference!A:B,2,) -> Zhang, C.-W.; Xia, S.-Q.; Ma, P.-S. Facile pretreatment of lignocellulosic biomass using deep eutectic solvents. Bioresource Technology 2016, 219, 1-5. DOI: https://doi.org/10.1016/j.biortech.2016.07.026.
A174: 173 | B174: corn cob | C174: 39.19 | D174: 36.89 | E174: 16.49 | F174: 0.83 | G174: ChCl | H174: GA | I174: 1:2 | J174: 1:20 | K174: 90 | L174: 24 | M174: 56.4 | N174: [27] | O174: =VLOOKUP(N174,Reference!A:B,2,) -> Zhang, C.-W.; Xia, S.-Q.; Ma, P.-S. Facile pretreatment of lignocellulosic biomass using deep eutectic solvents. Bioresource Technology 2016, 219, 1-5. DOI: https://doi.org/10.1016/j.biortech.2016.07.026.
A175: 174 | B175: corn cob | C175: 39.19 | D175: 36.89 | E175: 16.49 | F175: 0.83 | G175: ChCl | H175: LeA | I175: 1:2 | J175: 1:20 | K175: 90 | L175: 24 | M175: 43 | N175: [27] | O175: =VLOOKUP(N175,Reference!A:B,2,) -> Zhang, C.-W.; Xia, S.-Q.; Ma, P.-S. Facile pretreatment of lignocellulosic biomass using deep eutectic solvents. Bioresource Technology 2016, 219, 1-5. DOI: https://doi.org/10.1016/j.biortech.2016.07.026.
A176: 175 | B176: corn cob | C176: 39.19 | D176: 36.89 | E176: 16.49 | F176: 0.83 | G176: ChCl | H176: MNA | I176: 1:1 | J176: 1:20 | K176: 90 | L176: 24 | M176: 56.5 | N176: [27] | O176: =VLOOKUP(N176,Reference!A:B,2,) -> Zhang, C.-W.; Xia, S.-Q.; Ma, P.-S. Facile pretreatment of lignocellulosic biomass using deep eutectic solvents. Bioresource Technology 2016, 219, 1-5. DOI: https://doi.org/10.1016/j.biortech.2016.07.026.
A177: 176 | B177: corn cob | C177: 39.19 | D177: 36.89 | E177: 16.49 | F177: 0.83 | G177: ChCl | H177: GluA | I177: 1:1 | J177: 1:20 | K177: 90 | L177: 24 | M177: 34.3 | N177: [27] | O177: =VLOOKUP(N177,Reference!A:B,2,) -> Zhang, C.-W.; Xia, S.-Q.; Ma, P.-S. Facile pretreatment of lignocellulosic biomass using deep eutectic solvents. Bioresource Technology 2016, 219, 1-5. DOI: https://doi.org/10.1016/j.biortech.2016.07.026.
A178: 177 | B178: corn cob | C178: 39.19 | D178: 36.89 | E178: 16.49 | F178: 0.83 | G178: ChCl | H178: MIA | I178: 1:1 | J178: 1:20 | K178: 90 | L178: 24 | M178: 22.4 | N178: [27] | O178: =VLOOKUP(N178,Reference!A:B,2,) -> Zhang, C.-W.; Xia, S.-Q.; Ma, P.-S. Facile pretreatment of lignocellulosic biomass using deep eutectic solvents. Bioresource Technology 2016, 219, 1-5. DOI: https://doi.org/10.1016/j.biortech.2016.07.026.
A179: 178 | B179: corn cob | C179: 39.19 | D179: 36.89 | E179: 16.49 | F179: 0.83 | G179: ChCl | H179: LA | I179: 1:2 | J179: 1:20 | K179: 70 | L179: 24 | M179: 18.1 | N179: [27] | O179: =VLOOKUP(N179,Reference!A:B,2,) -> Zhang, C.-W.; Xia, S.-Q.; Ma, P.-S. Facile pretreatment of lignocellulosic biomass using deep eutectic solvents. Bioresource Technology 2016, 219, 1-5. DOI: https://doi.org/10.1016/j.biortech.2016.07.026.
A180: 179 | B180: corn cob | C180: 39.19 | D180: 36.89 | E180: 16.49 | F180: 0.83 | G180: ChCl | H180: LA | I180: 1:2 | J180: 1:20 | K180: 80 | L180: 24 | M180: 31.1 | N180: [27] | O180: =VLOOKUP(N180,Reference!A:B,2,) -> Zhang, C.-W.; Xia, S.-Q.; Ma, P.-S. Facile pretreatment of lignocellulosic biomass using deep eutectic solvents. Bioresource Technology 2016, 219, 1-5. DOI: https://doi.org/10.1016/j.biortech.2016.07.026.
A181: 180 | B181: corn cob | C181: 39.19 | D181: 36.89 | E181: 16.49 | F181: 0.83 | G181: ChCl | H181: LA | I181: 1:2 | J181: 1:20 | K181: 90 | L181: 24 | M181: 42.7 | N181: [27] | O181: =VLOOKUP(N181,Reference!A:B,2,) -> Zhang, C.-W.; Xia, S.-Q.; Ma, P.-S. Facile pretreatment of lignocellulosic biomass using deep eutectic solvents. Bioresource Technology 2016, 219, 1-5. DOI: https://doi.org/10.1016/j.biortech.2016.07.026.
A182: 181 | B182: corn cob | C182: 39.19 | D182: 36.89 | E182: 16.49 | F182: 0.83 | G182: ChCl | H182: LA | I182: 1:2 | J182: 1:20 | K182: 100 | L182: 24 | M182: 65.8 | N182: [27] | O182: =VLOOKUP(N182,Reference!A:B,2,) -> Zhang, C.-W.; Xia, S.-Q.; Ma, P.-S. Facile pretreatment of lignocellulosic biomass using deep eutectic solvents. Bioresource Technology 2016, 219, 1-5. DOI: https://doi.org/10.1016/j.biortech.2016.07.026.
A183: 182 | B183: corn cob | C183: 39.19 | D183: 36.89 | E183: 16.49 | F183: 0.83 | G183: ChCl | H183: LA | I183: 1:2 | J183: 1:20 | K183: 110 | L183: 24 | M183: 95.5 | N183: [27] | O183: =VLOOKUP(N183,Reference!A:B,2,) -> Zhang, C.-W.; Xia, S.-Q.; Ma, P.-S. Facile pretreatment of lignocellulosic biomass using deep eutectic solvents. Bioresource Technology 2016, 219, 1-5. DOI: https://doi.org/10.1016/j.biortech.2016.07.026.
A184: 183 | B184: corn cob | C184: 39.19 | D184: 36.89 | E184: 16.49 | F184: 0.83 | G184: ChCl | H184: LA | I184: 1:2 | J184: 1:20 | K184: 90 | L184: 1.5 | M184: 8.6 | N184: [27] | O184: =VLOOKUP(N184,Reference!A:B,2,) -> Zhang, C.-W.; Xia, S.-Q.; Ma, P.-S. Facile pretreatment of lignocellulosic biomass using deep eutectic solvents. Bioresource Technology 2016, 219, 1-5. DOI: https://doi.org/10.1016/j.biortech.2016.07.026.
A185: 184 | B185: corn cob | C185: 39.19 | D185: 36.89 | E185: 16.49 | F185: 0.83 | G185: ChCl | H185: LA | I185: 1:2 | J185: 1:20 | K185: 90 | L185: 3 | M185: 15.7 | N185: [27] | O185: =VLOOKUP(N185,Reference!A:B,2,) -> Zhang, C.-W.; Xia, S.-Q.; Ma, P.-S. Facile pretreatment of lignocellulosic biomass using deep eutectic solvents. Bioresource Technology 2016, 219, 1-5. DOI: https://doi.org/10.1016/j.biortech.2016.07.026.
... A249: 248 | B249: rape straw | C249: 29.1 | D249: 12.6 | E249: 18.2 | F249: 0.55 | G249: ChCl | H249: OA | I249: 1:3 | J249: 1:10 | K249: 140 | L249: 1 | M249: 64.3 | N249: [33] | O249: =VLOOKUP(N249,Reference!A:B,2,) -> Li, X.; Tang, W.; He, Y.-C. Integrated understanding of acidic deep eutectic solvent choline chloride: Oxalic acid pretreatment to enhance the enzymatic hydrolysis of rape straw. Industrial Crops and Products 2023, 206, 117691. DOI: https://doi.org/10.1016/j.indcrop.2023.117691.
A250: 249 | B250: rape straw | C250: 43.2 | D250: 22.46 | E250: 21.53 | F250: 0.9 | G250: ChCl | H250: GXA | I250: 1:2 | J250: 0.15277778 | K250: 120 | L250: 1 | M250: 61.54 | N250: [34] | O250: =VLOOKUP(N250,Reference!A:B,2,) -> Zhang, Z.; Lv, P.; Ji, H.; Ji, X.; Tian, Z.; Chen, J. Functional deep eutectic solvent for lignocellulose valorization via lignin stabilization and cellulose functionalization. Green Chemistry 2024, 26 (6), 3453-3465, 10.1039/D3GC04749K. DOI: 10.1039/D3GC04749K.
A251: 250 | B251: rape straw | C251: 43.2 | D251: 22.46 | E251: 21.53 | F251: 0.9 | G251: ChCl | H251: GXA | I251: 1:2 | J251: 0.15277778 | K251: 130 | L251: 1 | M251: 79.93 | N251: [34] | O251: =VLOOKUP(N251,Reference!A:B,2,) -> Zhang, Z.; Lv, P.; Ji, H.; Ji, X.; Tian, Z.; Chen, J. Functional deep eutectic solvent for lignocellulose valorization via lignin stabilization and cellulose functionalization. Green Chemistry 2024, 26 (6), 3453-3465, 10.1039/D3GC04749K. DOI: 10.1039/D3GC04749K.
A252: 251 | B252: rape straw | C252: 43.2 | D252: 22.46 | E252: 21.53 | F252: 0.9 | G252: ChCl | H252: GXA | I252: 1:2 | J252: 0.15277778 | K252: 140 | L252: 1 | M252: 93.08 | N252: [34] | O252: =VLOOKUP(N252,Reference!A:B,2,) -> Zhang, Z.; Lv, P.; Ji, H.; Ji, X.; Tian, Z.; Chen, J. Functional deep eutectic solvent for lignocellulose valorization via lignin stabilization and cellulose functionalization. Green Chemistry 2024, 26 (6), 3453-3465, 10.1039/D3GC04749K. DOI: 10.1039/D3GC04749K.
A253: 252 | B253: rape straw | C253: 43.2 | D253: 22.46 | E253: 21.53 | F253: 0.9 | G253: ChCl | H253: GXA | I253: 1:3 | J253: 0.15277778 | K253: 130 | L253: 1 | M253: 90.57 | N253: [34] | O253: =VLOOKUP(N253,Reference!A:B,2,) -> Zhang, Z.; Lv, P.; Ji, H.; Ji, X.; Tian, Z.; Chen, J. Functional deep eutectic solvent for lignocellulose valorization via lignin stabilization and cellulose functionalization. Green Chemistry 2024, 26 (6), 3453-3465, 10.1039/D3GC04749K. DOI: 10.1039/D3GC04749K.
A254: 253 | B254: rape straw | C254: 43.2 | D254: 22.46 | E254: 21.53 | F254: 0.9 | G254: ChCl | H254: GXA | I254: 1:4 | J254: 0.15277778 | K254: 130 | L254: 1 | M254: 93.92 | N254: [34] | O254: =VLOOKUP(N254,Reference!A:B,2,) -> Zhang, Z.; Lv, P.; Ji, H.; Ji, X.; Tian, Z.; Chen, J. Functional deep eutectic solvent for lignocellulose valorization via lignin stabilization and cellulose functionalization. Green Chemistry 2024, 26 (6), 3453-3465, 10.1039/D3GC04749K. DOI: 10.1039/D3GC04749K.
A255: 254 | B255: rape straw | C255: 43.2 | D255: 22.46 | E255: 21.53 | F255: 0.9 | G255: ChCl | H255: GXA | I255: 1:5 | J255: 0.15277778 | K255: 130 | L255: 1 | M255: 95.54 | N255: [34] | O255: =VLOOKUP(N255,Reference!A:B,2,) -> Zhang, Z.; Lv, P.; Ji, H.; Ji, X.; Tian, Z.; Chen, J. Functional deep eutectic solvent for lignocellulose valorization via lignin stabilization and cellulose functionalization. Green Chemistry 2024, 26 (6), 3453-3465, 10.1039/D3GC04749K. DOI: 10.1039/D3GC04749K.
A256: 255 | B256: rape straw | C256: 43.2 | D256: 22.46 | E256: 21.53 | F256: 0.9 | G256: ChCl | H256: GXA | I256: 1:4 | J256: 0.15277778 | K256: 130 | L256: 0.5 | M256: 90.01 | N256: [34] | O256: =VLOOKUP(N256,Reference!A:B,2,) -> Zhang, Z.; Lv, P.; Ji, H.; Ji, X.; Tian, Z.; Chen, J. Functional deep eutectic solvent for lignocellulose valorization via lignin stabilization and cellulose functionalization. Green Chemistry 2024, 26 (6), 3453-3465, 10.1039/D3GC04749K. DOI: 10.1039/D3GC04749K.
A257: 256 | B257: rape straw | C257: 43.2 | D257: 22.46 | E257: 21.53 | F257: 0.9 | G257: ChCl | H257: GXA | I257: 1:4 | J257: 0.15277778 | K257: 130 | L257: 1.5 | M257: 96.1 | N257: [34] | O257: =VLOOKUP(N257,Reference!A:B,2,) -> Zhang, Z.; Lv, P.; Ji, H.; Ji, X.; Tian, Z.; Chen, J. Functional deep eutectic solvent for lignocellulose valorization via lignin stabilization and cellulose functionalization. Green Chemistry 2024, 26 (6), 3453-3465, 10.1039/D3GC04749K. DOI: 10.1039/D3GC04749K.
A258: 257 | B258: rape straw | C258: 43.2 | D258: 22.46 | E258: 21.53 | F258: 0.9 | G258: ChCl | H258: GXA | I258: 1:4 | J258: 0.15277778 | K258: 130 | L258: 2 | M258: 98.1 | N258: [34] | O258: =VLOOKUP(N258,Reference!A:B,2,) -> Zhang, Z.; Lv, P.; Ji, H.; Ji, X.; Tian, Z.; Chen, J. Functional deep eutectic solvent for lignocellulose valorization via lignin stabilization and cellulose functionalization. Green Chemistry 2024, 26 (6), 3453-3465, 10.1039/D3GC04749K. DOI: 10.1039/D3GC04749K.
A259: 258 | B259: sunflower straw | C259: 30.8 | D259: 12.4 | E259: 15.1 | F259: 0.38 | G259: ChCl | H259: FA | I259: 1:1 | J259: 0.048611111 | K259: 160 | L259: 0.1667 | M259: 21.15 | N259: [35] | O259: =VLOOKUP(N259,Reference!A:B,2,) -> He, Y.; Huang, M.; Tang, W.; Ma, C. Improving enzymatic hydrolysis of sunflower straw pretreated by deep eutectic solvent with different carboxylic acids as hydrogen bond donors. Industrial Crops and Products 2023, 193, 116157. DOI: https://doi.org/10.1016/j.indcrop.2022.116157.
A260: 259 | B260: sunflower straw | C260: 30.8 | D260: 12.4 | E260: 15.1 | F260: 0.38 | G260: ChCl | H260: OA | I260: 1:2 | J260: 0.048611111 | K260: 160 | L260: 0.1667 | M260: 44.73 | N260: [35] | O260: =VLOOKUP(N260,Reference!A:B,2,) -> He, Y.; Huang, M.; Tang, W.; Ma, C. Improving enzymatic hydrolysis of sunflower straw pretreated by deep eutectic solvent with different carboxylic acids as hydrogen bond donors. Industrial Crops and Products 2023, 193, 116157. DOI: https://doi.org/10.1016/j.indcrop.2022.116157.
A261: 260 | B261: sunflower straw | C261: 30.8 | D261: 12.4 | E261: 15.1 | F261: 0.38 | G261: ChCl | H261: MNA | I261: 1:2 | J261: 1:10 | K261: 160 | L261: 0.1667 | M261: 13.81 | N261: [35] | O261: =VLOOKUP(N261,Reference!A:B,2,) -> He, Y.; Huang, M.; Tang, W.; Ma, C. Improving enzymatic hydrolysis of sunflower straw pretreated by deep eutectic solvent with different carboxylic acids as hydrogen bond donors. Industrial Crops and Products 2023, 193, 116157. DOI: https://doi.org/10.1016/j.indcrop.2022.116157.
A262: 261 | B262: sunflower straw | C262: 30.8 | D262: 12.4 | E262: 15.1 | F262: 0.38 | G262: ChCl | H262: SA | I262: 1:2 | J262: 1:10 | K262: 160 | L262: 0.1667 | M262: 11.9 | N262: [35] | O262: =VLOOKUP(N262,Reference!A:B,2,) -> He, Y.; Huang, M.; Tang, W.; Ma, C. Improving enzymatic hydrolysis of sunflower straw pretreated by deep eutectic solvent with different carboxylic acids as hydrogen bond donors. Industrial Crops and Products 2023, 193, 116157. DOI: https://doi.org/10.1016/j.indcrop.2022.116157.
A263: 262 | B263: sunflower straw | C263: 30.8 | D263: 12.4 | E263: 15.1 | F263: 0.38 | G263: ChCl | H263: MIA | I263: 1:2 | J263: 1:10 | K263: 160 | L263: 0.1667 | M263: 16.53 | N263: [35] | O263: =VLOOKUP(N263,Reference!A:B,2,) -> He, Y.; Huang, M.; Tang, W.; Ma, C. Improving enzymatic hydrolysis of sunflower straw pretreated by deep eutectic solvent with different carboxylic acids as hydrogen bond donors. Industrial Crops and Products 2023, 193, 116157. DOI: https://doi.org/10.1016/j.indcrop.2022.116157.
A264: 263 | B264: sunflower straw | C264: 30.8 | D264: 12.4 | E264: 15.1 | F264: 0.38 | G264: ChCl | H264: TA | I264: 1:2 | J264: 1:10 | K264: 160 | L264: 0.1667 | M264: 16.07 | N264: [35] | O264: =VLOOKUP(N264,Reference!A:B,2,) -> He, Y.; Huang, M.; Tang, W.; Ma, C. Improving enzymatic hydrolysis of sunflower straw pretreated by deep eutectic solvent with different carboxylic acids as hydrogen bond donors. Industrial Crops and Products 2023, 193, 116157. DOI: https://doi.org/10.1016/j.indcrop.2022.116157.
A265: 264 | B265: sunflower straw | C265: 30.8 | D265: 12.4 | E265: 15.1 | F265: 0.38 | G265: ChCl | H265: CA | I265: 1:2 | J265: 1:10 | K265: 160 | L265: 0.1667 | M265: 15.44 | N265: [35] | O265: =VLOOKUP(N265,Reference!A:B,2,) -> He, Y.; Huang, M.; Tang, W.; Ma, C. Improving enzymatic hydrolysis of sunflower straw pretreated by deep eutectic solvent with different carboxylic acids as hydrogen bond donors. Industrial Crops and Products 2023, 193, 116157. DOI: https://doi.org/10.1016/j.indcrop.2022.116157.
A266: 265 | B266: sunflower straw | C266: 30.8 | D266: 12.4 | E266: 15.1 | F266: 0.38 | G266: ChCl | H266: OA | I266: 1:2 | J266: 1:10 | K266: 100 | L266: 0.1667 | M266: 28.25 | N266: [35] | O266: =VLOOKUP(N266,Reference!A:B,2,) -> He, Y.; Huang, M.; Tang, W.; Ma, C. Improving enzymatic hydrolysis of sunflower straw pretreated by deep eutectic solvent with different carboxylic acids as hydrogen bond donors. Industrial Crops and Products 2023, 193, 116157. DOI: https://doi.org/10.1016/j.indcrop.2022.116157.
A267: 266 | B267: sunflower straw | C267: 30.8 | D267: 12.4 | E267: 15.1 | F267: 0.38 | G267: ChCl | H267: OA | I267: 1:2 | J267: 1:10 | K267: 120 | L267: 0.1667 | M267: 37.74 | N267: [35] | O267: =VLOOKUP(N267,Reference!A:B,2,) -> He, Y.; Huang, M.; Tang, W.; Ma, C. Improving enzymatic hydrolysis of sunflower straw pretreated by deep eutectic solvent with different carboxylic acids as hydrogen bond donors. Industrial Crops and Products 2023, 193, 116157. DOI: https://doi.org/10.1016/j.indcrop.2022.116157.
A268: 267 | B268: sunflower straw | C268: 30.8 | D268: 12.4 | E268: 15.1 | F268: 0.38 | G268: ChCl | H268: OA | I268: 1:2 | J268: 1:10 | K268: 140 | L268: 0.1667 | M268: 39.67 | N268: [35] | O268: =VLOOKUP(N268,Reference!A:B,2,) -> He, Y.; Huang, M.; Tang, W.; Ma, C. Improving enzymatic hydrolysis of sunflower straw pretreated by deep eutectic solvent with different carboxylic acids as hydrogen bond donors. Industrial Crops and Products 2023, 193, 116157. DOI: https://doi.org/10.1016/j.indcrop.2022.116157.
A269: 268 | B269: sunflower straw | C269: 30.8 | D269: 12.4 | E269: 15.1 | F269: 0.38 | G269: ChCl | H269: OA | I269: 1:2 | J269: 1:10 | K269: 160 | L269: 0.1667 | M269: 42.15 | N269: [35] | O269: =VLOOKUP(N269,Reference!A:B,2,) -> He, Y.; Huang, M.; Tang, W.; Ma, C. Improving enzymatic hydrolysis of sunflower straw pretreated by deep eutectic solvent with different carboxylic acids as hydrogen bond donors. Industrial Crops and Products 2023, 193, 116157. DOI: https://doi.org/10.1016/j.indcrop.2022.116157.
A270: 269 | B270: sunflower straw | C270: 30.8 | D270: 12.4 | E270: 15.1 | F270: 0.38 | G270: ChCl | H270: OA | I270: 1:2 | J270: 1:10 | K270: 180 | L270: 0.1667 | M270: 43.73 | N270: [35] | O270: =VLOOKUP(N270,Reference!A:B,2,) -> He, Y.; Huang, M.; Tang, W.; Ma, C. Improving enzymatic hydrolysis of sunflower straw pretreated by deep eutectic solvent with different carboxylic acids as hydrogen bond donors. Industrial Crops and Products 2023, 193, 116157. DOI: https://doi.org/10.1016/j.indcrop.2022.116157.
A271: 270 | B271: sunflower straw | C271: 30.8 | D271: 12.4 | E271: 15.1 | F271: 0.38 | G271: ChCl | H271: OA | I271: 1:2 | J271: 1:10 | K271: 160 | L271: 0.0833 | M271: 4.79 | N271: [35] | O271: =VLOOKUP(N271,Reference!A:B,2,) -> He, Y.; Huang, M.; Tang, W.; Ma, C. Improving enzymatic hydrolysis of sunflower straw pretreated by deep eutectic solvent with different carboxylic acids as hydrogen bond donors. Industrial Crops and Products 2023, 193, 116157. DOI: https://doi.org/10.1016/j.indcrop.2022.116157.
A272: 271 | B272: sunflower straw | C272: 30.8 | D272: 12.4 | E272: 15.1 | F272: 0.38 | G272: ChCl | H272: OA | I272: 1:2 | J272: 1:10 | K272: 160 | L272: 0.1333 | M272: 7.34 | N272: [35] | O272: =VLOOKUP(N272,Reference!A:B,2,) -> He, Y.; Huang, M.; Tang, W.; Ma, C. Improving enzymatic hydrolysis of sunflower straw pretreated by deep eutectic solvent with different carboxylic acids as hydrogen bond donors. Industrial Crops and Products 2023, 193, 116157. DOI: https://doi.org/10.1016/j.indcrop.2022.116157.
... A282: 281 | B282: Luffa | C282: 51.8 | D282: 17.5 | E282: 17.8 | F282: 1 | G282: ChCl | H282: OAD | I282: 1:1 | J282: 1:20 | K282: 90 | L282: 1 | M282: 32 | N282: [36] | O282: =VLOOKUP(N282,Reference!A:B,2,) -> Hong, S.; Song, Y.; Yuan, Y.; Lian, H.; Liimatainen, H. Production and characterization of lignin containing nanocellulose from luffa through an acidic deep eutectic solvent treatment and systematic fractionation. Industrial Crops and Products 2020, 143, 111913. DOI: https://doi.org/10.1016/j.indcrop.2019.111913.
A283: 282 | B283: Luffa | C283: 51.8 | D283: 17.5 | E283: 17.8 | F283: 1 | G283: ChCl | H283: OAD | I283: 1:1 | J283: 1:20 | K283: 90 | L283: 1.5 | M283: =((17.8-10.645)/17.8)*100 -> 40.196629 | N283: [36] | O283: =VLOOKUP(N283,Reference!A:B,2,) -> Hong, S.; Song, Y.; Yuan, Y.; Lian, H.; Liimatainen, H. Production and characterization of lignin containing nanocellulose from luffa through an acidic deep eutectic solvent treatment and systematic fractionation. Industrial Crops and Products 2020, 143, 111913. DOI: https://doi.org/10.1016/j.indcrop.2019.111913.
A284: 283 | B284: Luffa | C284: 51.8 | D284: 17.5 | E284: 17.8 | F284: 1 | G284: ChCl | H284: OAD | I284: 1:1 | J284: 1:20 | K284: 90 | L284: =15/6 -> 2.5 | M284: 64.1 | N284: [36] | O284: =VLOOKUP(N284,Reference!A:B,2,) -> Hong, S.; Song, Y.; Yuan, Y.; Lian, H.; Liimatainen, H. Production and characterization of lignin containing nanocellulose from luffa through an acidic deep eutectic solvent treatment and systematic fractionation. Industrial Crops and Products 2020, 143, 111913. DOI: https://doi.org/10.1016/j.indcrop.2019.111913.
A285: 284 | B285: Bambara groundnut haulm | C285: 36.49 | D285: 14.91 | E285: 13.1 | F285: 0.5 | G285: ChCl | H285: AA | I285: 1:2 | J285: 1:10 | K285: 100 | L285: 3 | M285: 57.63 | N285: [37] | O285: =VLOOKUP(N285,Reference!A:B,2,) -> Okuofu, S. I.; Gerrano, A. S.; Singh, S.; Pillai, S. Deep eutectic solvent pretreatment of Bambara groundnut haulm for enhanced saccharification and bioethanol production. Biomass Conversion and Biorefinery 2022, 12 (8), 3525-3533. DOI: 10.1007/s13399-020-01053-w.
A286: 285 | B286: Bambara groundnut haulm | C286: 36.49 | D286: 14.91 | E286: 13.1 | F286: 0.5 | G286: ChCl | H286: FA | I286: 1:2 | J286: 1:10 | K286: 100 | L286: 3 | M286: 53.1 | N286: [37] | O286: =VLOOKUP(N286,Reference!A:B,2,) -> Okuofu, S. I.; Gerrano, A. S.; Singh, S.; Pillai, S. Deep eutectic solvent pretreatment of Bambara groundnut haulm for enhanced saccharification and bioethanol production. Biomass Conversion and Biorefinery 2022, 12 (8), 3525-3533. DOI: 10.1007/s13399-020-01053-w.
A287: 286 | B287: Bambara groundnut haulm | C287: 36.49 | D287: 14.91 | E287: 13.1 | F287: 0.5 | G287: ChCl | H287: LA | I287: 1:2 | J287: 1:10 | K287: 100 | L287: 3 | M287: 67.3 | N287: [37] | O287: =VLOOKUP(N287,Reference!A:B,2,) -> Okuofu, S. I.; Gerrano, A. S.; Singh, S.; Pillai, S. Deep eutectic solvent pretreatment of Bambara groundnut haulm for enhanced saccharification and bioethanol production. Biomass Conversion and Biorefinery 2022, 12 (8), 3525-3533. DOI: 10.1007/s13399-020-01053-w.
...

Sheet Reference
A1: List of references for experimental data.
A3: No | B3: Reference
A4: [1] | B4: Zhao, Z.; Chen, X.; Ali, M. F.; Abdeltawab, A. A.; Yakout, S. M.; Yu, G. Pretreatment of wheat straw using basic ethanolamine-based deep eutectic solvents for improving enzymatic hydrolysis. Bioresource Technology 2018, 263, 325-333. DOI: https://doi.org/10.1016/j.biortech.2018.05.016.
A5: [2] | B5: Lou, R.; Ma, R.; Lin, K.-t.; Ahamed, A.; Zhang, X. Facile Extraction of Wheat Straw by Deep Eutectic Solvent (DES) to Produce Lignin Nanoparticles. ACS Sustainable Chemistry & Engineering 2019, 7 (12), 10248-10256. DOI: 10.1021/acssuschemeng.8b05816.
A6: [3] | B6: Lin, K.-T.; Wang, C.; Guo, M. F.; Aprà, E.; Ma, R.; Ragauskas, A. J.; Zhang, X. Lignin with controlled structural properties by N-heterocycle-based deep eutectic solvent extraction. Proceedings of the National Academy of Sciences 2023, 120 (32), e2307323120. DOI: 10.1073/pnas.2307323120(2023 ).
A7: [4] | B7: Wang, W.; Gu, F.; Zhu, J. Y.; Sun, K.; Cai, Z.; Yao, S.; Wu, W.; Jin, Y. Fractionation of herbaceous biomass using a recyclable hydrotropic p–toluenesulfonic acid (p–TsOH)/choline chloride (ChCl) solvent system at low temperatures. Industrial Crops and Products 2020, 150, 112423. DOI: https://doi.org/10.1016/j.indcrop.2020.112423.
A8: [5] | B8: Tan, J.; Yu, D.; Yuan, J.; Wu, H.; Luo, H.; Zhang, H.; Li, X.; Li, H.; Yang, S. Efficient delignification of wheat straw for microbial lipid production enabled by a novel ternary deep eutectic solvent containing ethylene glycol. Fuel 2023, 347, 128485. DOI: https://doi.org/10.1016/j.fuel.2023.128485.
A9: [6] | B9: Jablonsky; Skulcova; Kamenska; Vrska; Sima. Deep Eutectic Solvents: Fractionation of Wheat Straw. BIORESOURCES 2015, 2015,10(4) (-), 8039-8047.
A10: [7] | B10: Ma, H.; Fu, P.; Zhao, J.; Lin, X.; Wu, W.; Yu, Z.; Xia, C.; Wang, Q.; Gao, M.; Zhou, J. Pretreatment of Wheat Straw Lignocelluloses by Deep Eutectic Solvent for Lignin Extraction. Molecules 2022, 27 (22), 7955.
A11: [8] | B11: Kumar, A. K.; Parikh, B. S.; Pravakar, M. Natural deep eutectic solvent mediated pretreatment of rice straw: bioanalytical characterization of lignin extract and enzymatic hydrolysis of pretreated biomass residue. Environmental Science and Pollution Research 2016, 23 (10), 9265-9275. DOI: 10.1007/s11356-015-4780-4.
A12: [9] | B12: Hou, X.-D.; Feng, G.-J.; Ye, M.; Huang, C.-M.; Zhang, Y. Significantly enhanced enzymatic hydrolysis of rice straw via a high-performance two-stage deep eutectic solvents synergistic pretreatment. Bioresource Technology 2017, 238, 139-146. DOI: https://doi.org/10.1016/j.biortech.2017.04.027.
A13: [10] | B13: Hou, X.-D.; Li, A.-L.; Lin, K.-P.; Wang, Y.-Y.; Kuang, Z.-Y.; Cao, S.-L. Insight into the structure-function relationships of deep eutectic solvents during rice straw pretreatment. Bioresource Technology 2018, 249, 261-267. DOI: https://doi.org/10.1016/j.biortech.2017.10.019.
A14: [11] | B14: Maibam, P. D.; Goyal, A. Approach to an efficient pretreatment method for rice straw by deep eutectic solvent for high saccharification efficiency. Bioresource Technology 2022, 351, 127057. DOI: https://doi.org/10.1016/j.biortech.2022.127057.
... A41: [38] | B41: Procentese, A.; Raganati, F.; Olivieri, G.; Russo, M. E.; Rehmann, L.; Marzocchella, A. Low-energy biomass pretreatment with deep eutectic solvents for bio-butanol production. Bioresource Technology 2017, 243, 464-473. DOI: https://doi.org/10.1016/j.biortech.2017.06.143.
